{
  "commits" : [
    {
      "name" : "spirv-tools",
      "site" : "github",
      "subrepo" : "KhronosGroup/SPIRV-Tools",
      "subdir" : "External/spirv-tools",
      "commit" : "c3ca04741945c332ddbeb7d7125dbae2809b7195"
    },
    {
      "name" : "spirv-tools/external/spirv-headers",
      "site" : "github",
      "subrepo" : "KhronosGroup/SPIRV-Headers",
      "subdir" : "External/spirv-tools/external/spirv-headers",
      "commit" : "b252a50953ac4375cb1864e94f4b0234db9d215d"
    }
  ]
}
